{
  "omega_ref_0_4": 106.0,
  "omega_ref_1_0": 106.0,
  "omega_0_4": 106.0000145218128,
  "omega_1_0": 105.99999999472291,
  "e_omega_0_4": -1.4521812801149281e-05,
  "e_omega_1_0": 5.2770872116525425e-09,
  "overshoot_percent": 0.0030104430380321926,
  "steady_state_max_abs_error": 1.5980224389977593e-05
}