{
  "e_omega_0_4": -1.851504696048778e-05,
  "e_omega_1_0": 1.6200374375330284e-12,
  "theta_tilde_0_4": -7.643366997456269e-05,
  "theta_tilde_1_0": -1.2641976354643703e-10,
  "omega_tilde_0_4": 0.0016449167911218865,
  "omega_tilde_1_0": 7.099236825069966e-07,
  "ss_eta1_abs_max": 1.0509468079122897e-07,
  "ss_eta2_abs_max": 9.815627255144312e-08,
  "ss_lambda_a_abs_max": 1.0509011853787609e-07,
  "ss_lambda_b_abs_max": 9.815571164195624e-08,
  "ss_theta_abs_max": 8.27206747544551e-08,
  "ss_omega_abs_max": 2.523879373939053e-06
}