{
  "e_omega_0_4": -1.4522260286753408e-05,
  "e_omega_1_0": 1.4921397450962104e-12,
  "theta_tilde_0_4": -7.642586995260103e-05,
  "theta_tilde_1_0": -1.2111911473766668e-10,
  "omega_tilde_0_4": 0.0016444540526237006,
  "omega_tilde_1_0": 6.311325364549702e-07,
  "ss_eta1_abs_max": 1.0508456221858253e-07,
  "ss_eta2_abs_max": 9.81807087204795e-08,
  "ss_lambda_a_abs_max": 1.0508085034055537e-07,
  "ss_lambda_b_abs_max": 9.818063018141032e-08,
  "ss_theta_abs_max": 8.237256565735152e-08,
  "ss_omega_abs_max": 3.387128259646488e-06
}