{
  "lambda_a_0": 0.16,
  "lambda_b_0": 0.0,
  "omega_0_4": 5.199866263854562,
  "omega_1_0": 5.200011882133131,
  "theta_1_0": 5.143008151248281
}